<?xml version="1.0" encoding="UTF-8" ?>
<!DOCTYPE mapper
        PUBLIC "-//mybatis.org//DTD Mapper 3.0//EN"
        "http://mybatis.org/dtd/mybatis-3-mapper.dtd">
<mapper namespace="com.air.airtest.mapper.DepartmentInfoMapper">

    <resultMap type="com.air.airtest.entity.DepartmentInfo" id="DepartmentInfoMap">
        <result property="id" column="id" jdbcType="INTEGER"/>
        <result property="department" column="department" jdbcType="VARCHAR"/>
        <result property="remark" column="remark" jdbcType="VARCHAR"/>
        <result property="createTime" column="create_time" jdbcType="TIMESTAMP"/>
        <result property="updateTime" column="update_time" jdbcType="TIMESTAMP"/>
    </resultMap>

    <!--查询单个-->
    <select id="queryById" resultMap="DepartmentInfoMap">
        select
          id, department, remark, create_time, update_time
        from department_info
        where id = #{id}
    </select>


    <!--统计总行数-->
    <select id="count" resultType="java.lang.Long">
        select count(1)
        from department_info
        <where>
            <if test="id != null">
                and id = #{id}
            </if>
            <if test="department != null and department != ''">
                and department = #{department}
            </if>
            <if test="remark != null and remark != ''">
                and remark = #{remark}
            </if>
            <if test="createTime != null">
                and create_time = #{createTime}
            </if>
            <if test="updateTime != null">
                and update_time = #{updateTime}
            </if>
        </where>
    </select>
    <select id="selectAllByPrimaryKey" resultType="com.air.airtest.entity.DepartmentInfo"
            parameterType="java.lang.String">
          select
          id, department, remark, create_time, update_time
          from department_info
        <where>
            <if test=" search!=null and search!=''">
                department like concat('%',#{search},'%')
            </if>
        </where>
    </select>

    <!--新增所有列-->
    <insert id="insert" keyProperty="id" useGeneratedKeys="true">
        insert into department_info(department, remark, create_time, update_time)
        values (#{department}, #{remark}, now(), now())
    </insert>

    <insert id="insertBatch" keyProperty="id" useGeneratedKeys="true">
        insert into department_info(department, remark, create_time, update_time)
        values
        <foreach collection="entities" item="entity" separator=",">
            (#{entity.department}, #{entity.remark}, #{entity.createTime}, #{entity.updateTime})
        </foreach>
    </insert>

    <insert id="insertOrUpdateBatch" keyProperty="id" useGeneratedKeys="true">
        insert into department_info(department, remark, create_time, update_time)
        values
        <foreach collection="entities" item="entity" separator=",">
            (#{entity.department}, #{entity.remark}, #{entity.createTime}, #{entity.updateTime})
        </foreach>
        on duplicate key update
        department = values(department),
        remark = values(remark),
        create_time = values(create_time),
        update_time = values(update_time)
    </insert>

    <!--通过主键修改数据-->
    <update id="update">
        update department_info
        <set>
            <if test="department != null and department != ''">
                department = #{department},
            </if>
            <if test="remark != null and remark != ''">
                remark = #{remark},
            </if>

            <if test="updateTime != null">
                update_time = now(),
            </if>
        </set>
        where id = #{id}
    </update>

    <!--通过主键删除-->
    <delete id="deleteById">
        delete from department_info where id = #{id}
    </delete>

    <delete id="deleteBatch" parameterType="java.util.List">
        delete from department_info
        <where>
            <foreach item="item" index="index" collection="ids"
                     open="id in (" separator="," close=")">
                #{item}
            </foreach>
        </where>
    </delete>

</mapper>

