<?xml version="1.0" encoding="UTF-8" ?>
<!DOCTYPE mapper
        PUBLIC "-//mybatis.org//DTD Mapper 3.0//EN"
        "http://mybatis.org/dtd/mybatis-3-mapper.dtd">
<mapper namespace="com.air.airtest.mapper.HotelMapper">
  <resultMap id="BaseResultMap" type="com.air.airtest.entity.Hotel">
    <id column="hotel_id" jdbcType="INTEGER" property="hotelId" />
    <result column="hotel_name" jdbcType="VARCHAR" property="hotelName" />
    <result column="phone" jdbcType="VARCHAR" property="phone" />
    <result column="telephone" jdbcType="VARCHAR" property="telephone" />
    <result column="email" jdbcType="VARCHAR" property="email" />
    <result column="address" jdbcType="VARCHAR" property="address" />
    <result column="website" jdbcType="VARCHAR" property="website" />
    <result column="create_time" jdbcType="TIMESTAMP" property="createTime" />
    <result column="update_time" jdbcType="TIMESTAMP" property="updateTime" />
  </resultMap>
<!--  <sql id="Base_Column_List">-->
<!--    hotel_id, hotel_name, phone, telephone, email, address, website, create_time, update_time-->
<!--  </sql>-->
  <select id="selectByPrimaryKey" parameterType="java.lang.Integer" resultMap="BaseResultMap">
    select
      hotel_id, hotel_name, phone, telephone, email, address, website, create_time, update_time
    from hotel_info
    where hotel_id = #{hotelId,jdbcType=INTEGER}
  </select>
  <select id="selectByName" parameterType="String" resultMap="BaseResultMap">
    select
      hotel_id, hotel_name, phone, telephone, email, address, website, create_time, update_time
    from hotel_info
    where hotel_name = #{hotelName,jdbcType=VARCHAR}
  </select>
  <select id="selectAll" resultMap="BaseResultMap">
    select
      hotel_id, hotel_name, phone, telephone, email, address, website, create_time, update_time
    from hotel_info
  </select>
  <delete id="deleteByPrimaryKey" parameterType="java.lang.Integer">
    delete from hotel_info
    where hotel_id = #{hotelId,jdbcType=INTEGER}
  </delete>
  <insert id="insert" parameterType="com.air.airtest.entity.Hotel">
    insert into hotel_info (hotel_id, hotel_name, phone, 
      telephone, email, address, 
      website, create_time, update_time
      )
    values (#{hotelId,jdbcType=INTEGER}, #{hotelName,jdbcType=VARCHAR}, #{phone,jdbcType=VARCHAR}, 
      #{telephone,jdbcType=VARCHAR}, #{email,jdbcType=VARCHAR}, #{address,jdbcType=VARCHAR}, 
      #{website,jdbcType=VARCHAR}, #{createTime,jdbcType=TIMESTAMP}, #{updateTime,jdbcType=TIMESTAMP}
      )
  </insert>
  <insert id="insertSelective" parameterType="com.air.airtest.entity.Hotel">
    insert into hotel_info
    <trim prefix="(" suffix=")" suffixOverrides=",">
      <if test="hotelId != null">
        hotel_id,
      </if>
      <if test="hotelName != null">
        hotel_name,
      </if>
      <if test="phone != null">
        phone,
      </if>
      <if test="telephone != null">
        telephone,
      </if>
      <if test="email != null">
        email,
      </if>
      <if test="address != null">
        address,
      </if>
      <if test="website != null">
        website,
      </if>
        create_time,
        update_time,
    </trim>
    <trim prefix="values (" suffix=")" suffixOverrides=",">
      <if test="hotelId != null">
        #{hotelId,jdbcType=INTEGER},
      </if>
      <if test="hotelName != null">
        #{hotelName,jdbcType=VARCHAR},
      </if>
      <if test="phone != null">
        #{phone,jdbcType=VARCHAR},
      </if>
      <if test="telephone != null">
        #{telephone,jdbcType=VARCHAR},
      </if>
      <if test="email != null">
        #{email,jdbcType=VARCHAR},
      </if>
      <if test="address != null">
        #{address,jdbcType=VARCHAR},
      </if>
      <if test="website != null">
        #{website,jdbcType=VARCHAR},
      </if>
      now(),
      now(),
    </trim>
  </insert>
  <update id="updateByPrimaryKeySelective" parameterType="com.air.airtest.entity.Hotel">
    update hotel_info
    <set>
      <if test="hotelName != null">
        hotel_name = #{hotelName,jdbcType=VARCHAR},
      </if>
      <if test="phone != null">
        phone = #{phone,jdbcType=VARCHAR},
      </if>
      <if test="telephone != null">
        telephone = #{telephone,jdbcType=VARCHAR},
      </if>
      <if test="email != null">
        email = #{email,jdbcType=VARCHAR},
      </if>
      <if test="address != null">
        address = #{address,jdbcType=VARCHAR},
      </if>
      <if test="website != null">
        website = #{website,jdbcType=VARCHAR},
      </if>
        update_time = now(),
    </set>
    where hotel_id = #{hotelId,jdbcType=INTEGER}
  </update>
  <update id="updateByPrimaryKey" parameterType="com.air.airtest.entity.Hotel">
    update hotel_info
    set hotel_name = #{hotelName,jdbcType=VARCHAR},
      phone = #{phone,jdbcType=VARCHAR},
      telephone = #{telephone,jdbcType=VARCHAR},
      email = #{email,jdbcType=VARCHAR},
      address = #{address,jdbcType=VARCHAR},
      website = #{website,jdbcType=VARCHAR},
      create_time = #{createTime,jdbcType=TIMESTAMP},
      update_time = #{updateTime,jdbcType=TIMESTAMP}
    where hotel_id = #{hotelId,jdbcType=INTEGER}
  </update>
</mapper>