<?xml version="1.0" encoding="UTF-8" ?>
<!DOCTYPE mapper
        PUBLIC "-//mybatis.org//DTD Mapper 3.0//EN"
        "http://mybatis.org/dtd/mybatis-3-mapper.dtd">
<mapper namespace="com.air.airtest.mapper.OrderTypeMapper">
  <resultMap id="BaseResultMap" type="com.air.airtest.entity.OrderType">
    <id column="type_id" jdbcType="INTEGER" property="typeId" />
    <result column="type" jdbcType="VARCHAR" property="type" />
    <result column="remark" jdbcType="VARCHAR" property="remark" />
    <result column="create_time" jdbcType="TIMESTAMP" property="createTime" />
    <result column="update_time" jdbcType="TIMESTAMP" property="updateTime" />
  </resultMap>
<!--  <sql id="Base_Column_List">-->
<!--    type_id, type, remark, create_time, update_time-->
<!--  </sql>-->
  <select id="getCount" resultType="java.lang.Integer">
    select count(type_id) from order_type
  </select>
  <select id="selectByPrimaryKey" parameterType="java.lang.Integer" resultMap="BaseResultMap">
    select
      type_id, type, remark, create_time, update_time
    from order_type
    where type_id = #{typeId,jdbcType=INTEGER}
  </select>
  <select id="selectAll" resultMap="BaseResultMap">
    select * from order_type
    <where>
      <if test="search!=null and search!=''">
        type like concat('%',#{search},'%')
      </if>
    </where>
  </select>
  <delete id="deleteByPrimaryKey" parameterType="java.lang.Integer">
    delete from order_type
    where type_id = #{typeId,jdbcType=INTEGER}
  </delete>

  <!--批量删除-->
  <delete id="deleteBatch" parameterType="java.util.List" >
    delete from order_type
    <where>
      <foreach item="item" index="index" collection="ids"
               open="type_id in (" separator="," close=")">
        #{item}
      </foreach>
    </where>
  </delete>

  <insert id="insert" parameterType="com.air.airtest.entity.OrderType">
    insert into order_type (type_id, type, remark, 
      create_time, update_time)
    values (#{typeId,jdbcType=INTEGER}, #{type,jdbcType=VARCHAR}, #{remark,jdbcType=VARCHAR}, 
      #{createTime,jdbcType=TIMESTAMP}, #{updateTime,jdbcType=TIMESTAMP})
  </insert>
  <insert id="insertSelective" parameterType="com.air.airtest.entity.OrderType">
    insert into order_type
    <trim prefix="(" suffix=")" suffixOverrides=",">
      <if test="typeId != null">
        type_id,
      </if>
      <if test="type != null">
        type,
      </if>
      <if test="remark != null">
        remark,
      </if>
        create_time,
        update_time,
    </trim>
    <trim prefix="values (" suffix=")" suffixOverrides=",">
      <if test="typeId != null">
        #{typeId,jdbcType=INTEGER},
      </if>
      <if test="type != null">
        #{type,jdbcType=VARCHAR},
      </if>
      <if test="remark != null">
        #{remark,jdbcType=VARCHAR},
      </if>
      now(),
      now(),
    </trim>
  </insert>
  <update id="updateByPrimaryKeySelective" parameterType="com.air.airtest.entity.OrderType">
    update order_type
    <set>
      <if test="type != null">
        type = #{type,jdbcType=VARCHAR},
      </if>
      <if test="remark != null">
        remark = #{remark,jdbcType=VARCHAR},
      </if>
        update_time = now()
    </set>
    where type_id = #{typeId,jdbcType=INTEGER}
  </update>
  <update id="updateByPrimaryKey" parameterType="com.air.airtest.entity.OrderType">
    update order_type
    set type = #{type,jdbcType=VARCHAR},
      remark = #{remark,jdbcType=VARCHAR},
      update_time = now()
    where type_id = #{typeId,jdbcType=INTEGER}
  </update>
</mapper>