<?xml version="1.0" encoding="UTF-8" ?>
<!DOCTYPE mapper
  PUBLIC "-//mybatis.org//DTD Mapper 3.0//EN"
  "http://mybatis.org/dtd/mybatis-3-mapper.dtd">
<mapper namespace="com.air.airtest.mapper.RoomMapper">
<!-- resultType="com.air.airtest.entity.RoomInfo" -->
    <select id="selectRoomTypeNo" resultType="String">
      SELECT roomtypeno
      from room
      WHERE roomno = #{roomno} 
    </select>
    <!-- 变居住 -> 处理订单时-->
    <update id="updateRoomStatus">
      UPDATE room
      SET roomstatus = 0
      WHERE roomno = #{roomno}
    </update>
    <!-- 变维修 ->改变房间状态 -->
    <update id="updateStatusForRepair">
      UPDATE room
      SET roomstatus = 2
      WHERE roomno = #{roomno}
    </update>
    <!-- 变空闲 ->改变房间状态 -->
    <update id="updateStatusForLive">
      UPDATE room
      SET roomstatus = 1
      WHERE roomno = #{roomno}
    </update>
    <!-- 查出当前房间剩余房间 -->
    <select id="selectRemainingRooms" resultType="com.air.airtest.vo.Hotelvo">
      select RoomNo
      FROM room
      WHERE RoomTypeNo=#{roomtypeno} AND RoomStatus= 1
    </select>
    <!--  -->


    <resultMap id="BaseResultMap" type="com.air.airtest.entity.Room">
        <id column="room_id" jdbcType="INTEGER" property="roomId"/>
        <result column="room_number" jdbcType="VARCHAR" property="roomNumber"/>
        <result column="type_id" jdbcType="INTEGER" property="typeId"/>
        <result column="room_type" jdbcType="VARCHAR" property="roomType"/>
        <result column="room_price" jdbcType="DOUBLE" property="roomPrice"/>
        <result column="room_discount" jdbcType="DOUBLE" property="roomDiscount"/>
        <result column="room_status" jdbcType="INTEGER" property="roomStatus"/>
        <result column="remark" jdbcType="VARCHAR" property="remark"/>
        <result column="create_time" jdbcType="TIMESTAMP" property="createTime"/>
        <result column="update_time" jdbcType="TIMESTAMP" property="updateTime"/>
    </resultMap>
<!--    <sql id="Base_Column_List">-->
<!--        room_id, room_number, type_id, room_type, room_price, room_discount, room_status,-->
<!--    remark, create_time, update_time-->
<!--    </sql>-->
    <select id="getCount" resultType="java.lang.Integer">
        select count(room_id) from room_info
    </select>
    <select id="selectByPrimaryKey" parameterType="java.lang.Integer" resultMap="BaseResultMap">
        select
            room_id, room_number, type_id, room_type, room_price, room_discount, room_status,
            remark, create_time, update_time
        from room_info
        where room_id = #{roomId,jdbcType=INTEGER}
    </select>
    <select id="selectByNumber" parameterType="String" resultMap="BaseResultMap">
        select
            room_id, room_number, type_id, room_type, room_price, room_discount, room_status,
            remark, create_time, update_time
        from room_info
        where room_number = #{roomNumber,jdbcType=VARCHAR}
    </select>
    <select id="selectByType" parameterType="Integer" resultMap="BaseResultMap">
        select
            room_id, room_number, type_id, room_type, room_price, room_discount, room_status,
            remark, create_time, update_time
        from room_info
        where type_id = #{typeId,jdbcType=INTEGER}
    </select>
    <select id="selectByStatus" parameterType="Integer" resultMap="BaseResultMap">
        select
            room_id, room_number, type_id, room_type, room_price, room_discount, room_status,
            remark, create_time, update_time
        from room_info
        where room_status = #{roomStatus,jdbcType=INTEGER}
    </select>
    <select id="randomSelectByTypeAndStatus" parameterType="Integer" resultMap="BaseResultMap">
        select
            room_id, room_number, type_id, room_type, room_price, room_discount, room_status,
            remark, create_time, update_time
        from room_info
        where type_id = #{typeId,jdbcType=INTEGER} and room_status = #{roomStatus,jdbcType=INTEGER}
        ORDER BY RAND() LIMIT 1
    </select>
    <select id="selectAll" resultMap="BaseResultMap">
        select
        room_id, room_number, type_id, room_type, room_price, room_discount, room_status,
        remark, create_time, update_time
        from room_info
        <where>
            <if test=" search!=null and search!=''">
                room_number like concat('%',#{search},'%')
            </if>
        </where>
    </select>
    <!--通过查询分组个数-->
    <select id="selectGroupByType" resultType="java.util.Map">
        SELECT room_type as roomType, count(room_type) as typeSize from room_info
        WHERE room_status=1
        GROUP BY room_type;
    </select>
    <delete id="deleteByPrimaryKey" parameterType="java.lang.Integer">
        delete from room_info
        where room_id = #{roomId,jdbcType=INTEGER}
    </delete>

    <!--批量删除-->
    <delete id="deleteBatch" parameterType="java.util.List">
        delete from room_info
        <where>
            <foreach item="item" index="index" collection="ids"
                     open="room_id in (" separator="," close=")">
                #{item}
            </foreach>
        </where>
    </delete>

    <insert id="insert" parameterType="com.air.airtest.entity.Room">
        insert into room_info (room_id, room_number, type_id,
                               room_type, room_price, room_discount,
                               room_status, remark, create_time,
                               update_time)
        values (#{roomId,jdbcType=INTEGER}, #{roomNumber,jdbcType=VARCHAR}, #{typeId,jdbcType=INTEGER},
                #{roomType,jdbcType=VARCHAR}, #{roomPrice,jdbcType=DOUBLE}, #{roomDiscount,jdbcType=DOUBLE},
                #{roomStatus,jdbcType=INTEGER}, #{remark,jdbcType=VARCHAR}, now(),
                now())
    </insert>
    <insert id="insertSelective" parameterType="com.air.airtest.entity.Room">
        insert into room_info
        <trim prefix="(" suffix=")" suffixOverrides=",">
            <if test="roomId != null">
                room_id,
            </if>
            <if test="roomNumber != null">
                room_number,
            </if>

            <if test="typeId != null">
                type_id,
            </if>
            <if test="roomType != null">
                room_type,
            </if>
            <if test="roomPrice != null">
                room_price,
            </if>
            <if test="roomDiscount != null">
                room_discount,
            </if>
            <if test="roomStatus != null">
                room_status,
            </if>
            <if test="remark != null">
                remark,
            </if>
            create_time,
            update_time,
        </trim>
        <trim prefix="values (" suffix=")" suffixOverrides=",">
            <if test="roomId != null">
                #{roomId,jdbcType=INTEGER},
            </if>
            <if test="roomNumber != null">
                #{roomNumber,jdbcType=VARCHAR},
            </if>

            <if test="typeId != null">
                #{typeId,jdbcType=INTEGER},
            </if>
            <if test="roomType != null">
                #{roomType,jdbcType=VARCHAR},
            </if>
            <if test="roomPrice != null">
                #{roomPrice,jdbcType=DOUBLE},
            </if>
            <if test="roomDiscount != null">
                #{roomDiscount,jdbcType=DOUBLE},
            </if>
            <if test="roomStatus != null">
                #{roomStatus,jdbcType=INTEGER},
            </if>
            <if test="remark != null">
                #{remark,jdbcType=VARCHAR},
            </if>
            now(),
            now(),
        </trim>
    </insert>
    <update id="updateByPrimaryKeySelective" parameterType="com.air.airtest.entity.Room">
        update room_info
        <set>
            <if test="roomNumber != null">
                room_number = #{roomNumber,jdbcType=VARCHAR},
            </if>
            <if test="typeId != null">
                type_id = #{typeId,jdbcType=INTEGER},
            </if>
            <if test="roomType != null">
                room_type = #{roomType,jdbcType=VARCHAR},
            </if>

            <if test="roomPrice != null">
                room_price = #{roomPrice,jdbcType=DOUBLE},
            </if>
            <if test="roomDiscount != null">
                room_discount = #{roomDiscount,jdbcType=DOUBLE},
            </if>
            <if test="roomStatus != null">
                room_status = #{roomStatus,jdbcType=INTEGER},
            </if>
            <if test="remark != null">
                remark = #{remark,jdbcType=VARCHAR},
            </if>
            update_time = now(),
        </set>
        where room_id = #{roomId,jdbcType=INTEGER}
    </update>
    <update id="updateByPrimaryKey" parameterType="com.air.airtest.entity.Room">
        update room_info
        set room_number = #{roomNumber,jdbcType=VARCHAR},
            type_id = #{typeId,jdbcType=INTEGER},
            room_type = #{roomType,jdbcType=VARCHAR},
            room_price = #{roomPrice,jdbcType=DOUBLE},
            room_discount = #{roomDiscount,jdbcType=DOUBLE},
            room_status = #{roomStatus,jdbcType=INTEGER},
            remark = #{remark,jdbcType=VARCHAR},
            update_time = now()
        where room_id = #{roomId,jdbcType=INTEGER}
    </update>
</mapper>