<?xml version="1.0" encoding="UTF-8" ?>
<!DOCTYPE mapper
  PUBLIC "-//mybatis.org//DTD Mapper 3.0//EN"
  "http://mybatis.org/dtd/mybatis-3-mapper.dtd">
<mapper namespace="com.air.airtest.mapper.UserMapper">
    <insert id="insertUser" parameterType="com.air.airtest.entity.User">
        insert into user(username,nickname,age,sex,address) values(#{username},#{nickname},#{age},#{sex},#{address})
    </insert>
    <select id="selectUser" resultType="com.air.airtest.entity.User">
      select * from user where id = #{id}
    </select>


    <resultMap id="BaseResultMap" type="com.air.airtest.entity.User">
        <id column="user_id" jdbcType="INTEGER" property="userId"/>
        <result column="username" jdbcType="VARCHAR" property="username"/>
        <result column="password" jdbcType="VARCHAR" property="password"/>
        <result column="name" jdbcType="VARCHAR" property="name"/>
        <result column="gender" jdbcType="CHAR" property="gender"/>
        <result column="phone" jdbcType="VARCHAR" property="phone"/>
        <result column="email" jdbcType="VARCHAR" property="email"/>
        <result column="address" jdbcType="VARCHAR" property="address"/>
        <result column="idcard" jdbcType="VARCHAR" property="idcard"/>
        <result column="create_time" jdbcType="TIMESTAMP" property="createTime"/>
        <result column="update_time" jdbcType="TIMESTAMP" property="updateTime"/>
    </resultMap>
<!--    <sql id="Base_Column_List">-->
<!--        user_id, username, password, name, gender, phone, email, address, idcard, create_time,-->
<!--    update_time-->
<!--    </sql>-->
    <select id="selectByPrimaryKey" parameterType="java.lang.Integer" resultMap="BaseResultMap">
        select
            user_id, username, password, name, gender, phone, email, address, idcard, create_time,
            update_time
        from user_info
        where user_id = #{userId,jdbcType=INTEGER}
    </select>
    <select id="selectAllUser" resultMap="BaseResultMap">
        select * from user_info
        where username != ''
    </select>
    <select id="getUserCount" resultType="java.lang.Integer">
        select count(user_id) from user_info
    </select>
    <select id="selectAll" resultMap="BaseResultMap">
        select * from user_info
    </select>
    <select id="selectByUsernameAndPassword" parameterType="String" resultMap="BaseResultMap">
        select * from user_info
        where username != '' and password != '' and
    username = #{username,jdbcType=VARCHAR} and password = #{password,jdbcType=VARCHAR}
    </select>
    <select id="selectByUsername" parameterType="String" resultMap="BaseResultMap">
        select * from user_info
        where username = #{username,jdbcType=VARCHAR}
    </select>

    <!--分页查询-->
    <select id="selectAllByPage" resultType="com.air.airtest.entity.User">
        select
        user_id, username, password, name, gender, phone, email, address, idcard, create_time,
        update_time
        from user_info
        <where>
            <if test=" search!=null and search!=''">
                username like concat('%',#{search},'%')
            </if>
        </where>
    </select>
    <delete id="deleteByPrimaryKey" parameterType="java.lang.Integer">
        delete from user_info
        where user_id = #{userId,jdbcType=INTEGER}
    </delete>
    <insert id="insert" parameterType="com.air.airtest.entity.User">
        insert into user_info (user_id, username, password,
                               name, gender, phone, email,
                               address, idcard, create_time,
                               update_time)
        values (#{userId,jdbcType=INTEGER}, #{username,jdbcType=VARCHAR}, #{password,jdbcType=VARCHAR},
                #{name,jdbcType=VARCHAR}, #{gender,jdbcType=CHAR}, #{phone,jdbcType=VARCHAR}, #{email,jdbcType=VARCHAR},
                #{address,jdbcType=VARCHAR}, #{idcard,jdbcType=VARCHAR}, now(),
                now())
    </insert>
    <insert id="insertSelective" parameterType="com.air.airtest.entity.User">
        insert into user_info
        <trim prefix="(" suffix=")" suffixOverrides=",">
            <if test="userId != null">
                user_id,
            </if>
            <if test="username != null">
                username,
            </if>
            <if test="password != null">
                password,
            </if>
            <if test="name != null">
                name,
            </if>
            <if test="gender != null">
                gender,
            </if>
            <if test="phone != null">
                phone,
            </if>
            <if test="email != null">
                email,
            </if>
            <if test="address != null">
                address,
            </if>
            <if test="idcard != null">
                idcard,
            </if>
            create_time,
            update_time,
        </trim>
        <trim prefix="values (" suffix=")" suffixOverrides=",">
            <if test="userId != null">
                #{userId,jdbcType=INTEGER},
            </if>
            <if test="username != null">
                #{username,jdbcType=VARCHAR},
            </if>
            <if test="password != null">
                #{password,jdbcType=VARCHAR},
            </if>
            <if test="name != null">
                #{name,jdbcType=VARCHAR},
            </if>
            <if test="gender != null">
                #{gender,jdbcType=CHAR},
            </if>
            <if test="phone != null">
                #{phone,jdbcType=VARCHAR},
            </if>
            <if test="email != null">
                #{email,jdbcType=VARCHAR},
            </if>
            <if test="address != null">
                #{address,jdbcType=VARCHAR},
            </if>
            <if test="idcard != null">
                #{idcard,jdbcType=VARCHAR},
            </if>
            now(),
            now(),
        </trim>
    </insert>
    <insert id="insertBatch">
        insert into user_info ( username,password,
        name, gender, phone, email,
        address, idcard, create_time,
        update_time)
        values
        <foreach collection="list" item="item" index="index" separator=",">
            (#{item.username},#{item.password},#{item.name},#{item.gender},#{item.phone},#{item.email},#{item.address},#{item.idcard},now(),now())
        </foreach>
    </insert>
    <update id="updateByPrimaryKeySelective" parameterType="com.air.airtest.entity.User">
        update user_info
        <set>
            <if test="username != null">
                username = #{username,jdbcType=VARCHAR},
            </if>
            <if test="password != null">
                password = #{password,jdbcType=VARCHAR},
            </if>
            <if test="name != null">
                name = #{name,jdbcType=VARCHAR},
            </if>
            <if test="gender != null">
                gender = #{gender,jdbcType=CHAR},
            </if>
            <if test="phone != null">
                phone = #{phone,jdbcType=VARCHAR},
            </if>
            <if test="email != null">
                email = #{email,jdbcType=VARCHAR},
            </if>
            <if test="address != null">
                address = #{address,jdbcType=VARCHAR},
            </if>
            <if test="idcard != null">
                idcard = #{idcard,jdbcType=VARCHAR},
            </if>
            update_time = now(),
        </set>
        where user_id = #{userId,jdbcType=INTEGER}
    </update>
    <update id="updateByPrimaryKey" parameterType="com.air.airtest.entity.User">
        update user_info
        set username = #{username,jdbcType=VARCHAR},
            password = #{password,jdbcType=VARCHAR},
            name = #{name,jdbcType=VARCHAR},
            gender = #{gender,jdbcType=CHAR},
            phone = #{phone,jdbcType=VARCHAR},
            email = #{email,jdbcType=VARCHAR},
            address = #{address,jdbcType=VARCHAR},
            idcard = #{idcard,jdbcType=VARCHAR},
            update_time = now()
        where user_id = #{userId,jdbcType=INTEGER}
    </update>
</mapper>